id,name,description,descriptionPreview,descriptionHash,descriptionLength,tableRefId,ruleType,expression,isHardConstraint,domainName
BR_CHECK_CK_BZD_KWOTASYS,CK_BZd_KwotaSys,"Reguła sprawdzająca (CHECK) ""CK_BZd_KwotaSys"": [BZD_KWOTASYS]>(0).","Reguła sprawdzająca (CHECK) ""CK_BZd_KwotaSys"": [BZD_KWOTASYS]>(0).",95b2ad7437c8290026070894309eb8ce3da4b653484df4b73afcee9e4745b11d,66,CDN_TEST:TABLE:CDN.BnkZdarzenia,CHECK,([BZD_KWOTASYS]>(0)),true,Ogólne
BR_CHECK_CK_BZD_KWOTAROZSYS,CK_BZd_KwotaRozSys,"Reguła sprawdzająca (CHECK) ""CK_BZd_KwotaRozSys"": [BZD_KWOTAROZSYS]>=(0).","Reguła sprawdzająca (CHECK) ""CK_BZd_KwotaRozSys"": [BZD_KWOTAROZSYS]>=(0).",d0571f0468b6e07d6d43cec59f5a259b7cddb8f3a8381645dd6a3475eb98a430,73,CDN_TEST:TABLE:CDN.BnkZdarzenia,CHECK,([BZD_KWOTAROZSYS]>=(0)),true,Ogólne
BR_CHECK_CK_BZD_KWOTA,CK_BZd_Kwota,"Reguła sprawdzająca (CHECK) ""CK_BZd_Kwota"": [BZD_KWOTA]>(0).","Reguła sprawdzająca (CHECK) ""CK_BZd_Kwota"": [BZD_KWOTA]>(0).",733d48fe77a6b94ab128492ed8a62f677920a8f52e895c42bb9665ed1d31dee1,60,CDN_TEST:TABLE:CDN.BnkZdarzenia,CHECK,([BZD_KWOTA]>(0)),true,Ogólne
BR_CHECK_CK_BZD_KWOTAROZ,CK_BZd_KwotaRoz,"Reguła sprawdzająca (CHECK) ""CK_BZd_KwotaRoz"": [BZD_KWOTAROZ]>=(0).","Reguła sprawdzająca (CHECK) ""CK_BZd_KwotaRoz"": [BZD_KWOTAROZ]>=(0).",643f8424c91bd43b33ddfd6b4d4a35a214be5906fd9033977066603171fddedf,67,CDN_TEST:TABLE:CDN.BnkZdarzenia,CHECK,([BZD_KWOTAROZ]>=(0)),true,Ogólne
BR_CHECK_CK_BZD_KIERUNEK,CK_BZd_Kierunek,"Reguła sprawdzająca (CHECK) ""CK_BZd_Kierunek"": [BZD_KIERUNEK]=(1) OR [BZD_KIERUNEK]=(0) OR [BZD_KIERUNEK]=(-1).","Reguła sprawdzająca (CHECK) ""CK_BZd_Kierunek"": [BZD_KIERUNEK]=(1) OR [BZD_KIERUNEK]=(0) OR [BZD_KIERUNEK]=(-1).",7a0debd8da499822cac3fc520087fbe0aaf3253bb0e9f064a99863ef80146e64,111,CDN_TEST:TABLE:CDN.BnkZdarzenia,CHECK,([BZD_KIERUNEK]=(1) OR [BZD_KIERUNEK]=(0) OR [BZD_KIERUNEK]=(-1)),true,Ogólne
BR_CHECK_CK_DSFPL_TERMIN,CK_DSFPl_Termin,"Reguła sprawdzająca (CHECK) ""CK_DSFPl_Termin"": [DSFPL_TERMIN]>=(0).","Reguła sprawdzająca (CHECK) ""CK_DSFPl_Termin"": [DSFPL_TERMIN]>=(0).",dd2f0d7debd875db981c314162661fe27d752477acd0bff5fb7e3bf4de5b9f93,67,CDN_TEST:TABLE:CDN.DetalStanFormyPlatnosci,CHECK,([DSFPL_TERMIN]>=(0)),true,Ogólne
BR_CHECK_CK_BOMW_KIERUNEK,CK_BOMW_Kierunek,"Reguła sprawdzająca (CHECK) ""CK_BOMW_Kierunek"": [BOMW_Kierunek]=(1) OR [BOMW_Kierunek]=(-1).","Reguła sprawdzająca (CHECK) ""CK_BOMW_Kierunek"": [BOMW_Kierunek]=(1) OR [BOMW_Kierunek]=(-1).",46bc7beb9896a0f58d5b5b75e74b418f9f0566fd64e4a03cc9f69f85ffd037e5,92,CDN_TEST:TABLE:CDN.BnkBOMW,CHECK,([BOMW_Kierunek]=(1) OR [BOMW_Kierunek]=(-1)),true,Ogólne
BR_CHECK_CK_BOMW_KWOTAROZSYSMW,CK_BOMW_KwotaRozSysMW,"Reguła sprawdzająca (CHECK) ""CK_BOMW_KwotaRozSysMW"": [BOMW_KWOTAROZSYSMW]>=(0).","Reguła sprawdzająca (CHECK) ""CK_BOMW_KwotaRozSysMW"": [BOMW_KWOTAROZSYSMW]>=(0).",f1859324300a85a8060ae9185377e262d0dceadbc155656a0b2af542634c2b62,79,CDN_TEST:TABLE:CDN.BnkBOMW,CHECK,([BOMW_KWOTAROZSYSMW]>=(0)),true,Ogólne
BR_CHECK_CK_BOMW_KWOTAROZMW,CK_BOMW_KwotaRozMW,"Reguła sprawdzająca (CHECK) ""CK_BOMW_KwotaRozMW"": [BOMW_KWOTAROZMW]>=(0).","Reguła sprawdzająca (CHECK) ""CK_BOMW_KwotaRozMW"": [BOMW_KWOTAROZMW]>=(0).",0c510a69495841ce0c034bca239b198a0315e5571ba1608d7729981c027a653c,73,CDN_TEST:TABLE:CDN.BnkBOMW,CHECK,([BOMW_KWOTAROZMW]>=(0)),true,Ogólne
BR_CHECK_CK_KZM_ROK,CK_KZM_Rok,"Reguła sprawdzająca (CHECK) ""CK_KZM_Rok"": [KZM_Rok]>(1900).","Reguła sprawdzająca (CHECK) ""CK_KZM_Rok"": [KZM_Rok]>(1900).",c5d64d04a7de1ae45332ff41e3bc2491e2f3df27fe157d2aaf89c880c6fe989e,59,CDN_TEST:TABLE:CDN.KntZamknMies,CHECK,([KZM_Rok]>(1900)),true,Ogólne
BR_CHECK_CK_KZM_MIES,CK_KZM_Mies,"Reguła sprawdzająca (CHECK) ""CK_KZM_Mies"": [KZM_Mies]>=(1) AND [KZM_Mies]<=(12).","Reguła sprawdzająca (CHECK) ""CK_KZM_Mies"": [KZM_Mies]>=(1) AND [KZM_Mies]<=(12).",3884deb04d129c16d25a90150eda2fad2914928111b7d4b14c4d187e006d51e6,80,CDN_TEST:TABLE:CDN.KntZamknMies,CHECK,([KZM_Mies]>=(1) AND [KZM_Mies]<=(12)),true,Ogólne
BR_CHECK_CK_KZM_STATUS,CK_KZM_Status,"Reguła sprawdzająca (CHECK) ""CK_KZM_Status"": [KZM_Status]=(1) OR [KZM_Status]=(0).","Reguła sprawdzająca (CHECK) ""CK_KZM_Status"": [KZM_Status]=(1) OR [KZM_Status]=(0).",35805022e4cead7cbd00ff11087d92912156a2666a9e97edb9a45d9ac3fb6186,82,CDN_TEST:TABLE:CDN.KntZamknMies,CHECK,([KZM_Status]=(1) OR [KZM_Status]=(0)),true,Ogólne
BR_CHECK_CK_KZM_WYSLANO,CK_KZM_Wyslano,"Reguła sprawdzająca (CHECK) ""CK_KZM_Wyslano"": [KZM_Wyslano]=(1) OR [KZM_Wyslano]=(0).","Reguła sprawdzająca (CHECK) ""CK_KZM_Wyslano"": [KZM_Wyslano]=(1) OR [KZM_Wyslano]=(0).",cb92188fd5517052861518cba1d1d73311ff5f46b1a8a0fc77362da7b10ed80d,85,CDN_TEST:TABLE:CDN.KntZamknMies,CHECK,([KZM_Wyslano]=(1) OR [KZM_Wyslano]=(0)),true,Ogólne
BR_CHECK_CK_BRK_KWOTA,CK_BRK_Kwota,"Reguła sprawdzająca (CHECK) ""CK_BRK_Kwota"": [BRK_KWOTA]>(0).","Reguła sprawdzająca (CHECK) ""CK_BRK_Kwota"": [BRK_KWOTA]>(0).",8acfd6adb9775332589c45cd3e7f6d44786300b3688dc0d16d7f7b029e47845d,60,CDN_TEST:TABLE:CDN.BnkRozKwoty,CHECK,([BRK_KWOTA]>(0)),true,Ogólne
BR_CHECK_CK_BRKMW_KWOTA,CK_BRKMW_Kwota,"Reguła sprawdzająca (CHECK) ""CK_BRKMW_Kwota"": [BRKMW_KWOTA]>(0).","Reguła sprawdzająca (CHECK) ""CK_BRKMW_Kwota"": [BRKMW_KWOTA]>(0).",f53a1b8af46774fb3096c452b284ac1a18903dc6a0436caa1d2622db7f4c024f,64,CDN_TEST:TABLE:CDN.BnkRozKwotyMW,CHECK,([BRKMW_KWOTA]>(0)),true,Ogólne
BR_CHECK_CK_BZP_KWOTAROZSYS,CK_BZp_KwotaRozSys,"Reguła sprawdzająca (CHECK) ""CK_BZp_KwotaRozSys"": [BZP_KWOTAROZSYS]>=(0).","Reguła sprawdzająca (CHECK) ""CK_BZp_KwotaRozSys"": [BZP_KWOTAROZSYS]>=(0).",5936d32875ddb8f6abbafb7a9dc0d5957757f02a8a4573479dd6f096c54441a4,73,CDN_TEST:TABLE:CDN.BnkZapisy,CHECK,([BZP_KWOTAROZSYS]>=(0)),true,Ogólne
BR_CHECK_CK_BZP_KWOTAROZSYSMW,CK_BZp_KwotaRozSysMW,"Reguła sprawdzająca (CHECK) ""CK_BZp_KwotaRozSysMW"": [BZP_KWOTAROZSYSMW]>=(0).","Reguła sprawdzająca (CHECK) ""CK_BZp_KwotaRozSysMW"": [BZP_KWOTAROZSYSMW]>=(0).",0e8709301945ee84349d9b498cbcd1382b1904842a06066c3b337fd567d9c14f,77,CDN_TEST:TABLE:CDN.BnkZapisy,CHECK,([BZP_KWOTAROZSYSMW]>=(0)),true,Ogólne
BR_CHECK_CK_BZP_KWOTAROZ,CK_BZp_KwotaRoz,"Reguła sprawdzająca (CHECK) ""CK_BZp_KwotaRoz"": [BZP_KWOTAROZ]>=(0).","Reguła sprawdzająca (CHECK) ""CK_BZp_KwotaRoz"": [BZP_KWOTAROZ]>=(0).",9114575fe1962c52220ef5eb92cb965446d40a77c1f8da023818b8cd7b2e8d8d,67,CDN_TEST:TABLE:CDN.BnkZapisy,CHECK,([BZP_KWOTAROZ]>=(0)),true,Ogólne
BR_CHECK_CK_BZP_KWOTAROZMW,CK_BZp_KwotaRozMW,"Reguła sprawdzająca (CHECK) ""CK_BZp_KwotaRozMW"": [BZP_KWOTAROZMW]>=(0).","Reguła sprawdzająca (CHECK) ""CK_BZp_KwotaRozMW"": [BZP_KWOTAROZMW]>=(0).",cf8046d9f337614a40fa47fb46345e6adcb2db18aca057094ebe16812f487fdf,71,CDN_TEST:TABLE:CDN.BnkZapisy,CHECK,([BZP_KWOTAROZMW]>=(0)),true,Ogólne
BR_CHECK_CK_BZP_KIERUNEK,CK_BZp_Kierunek,"Reguła sprawdzająca (CHECK) ""CK_BZp_Kierunek"": [BZP_KIERUNEK]=(1) OR [BZP_KIERUNEK]=(0) OR [BZP_KIERUNEK]=(-1).","Reguła sprawdzająca (CHECK) ""CK_BZp_Kierunek"": [BZP_KIERUNEK]=(1) OR [BZP_KIERUNEK]=(0) OR [BZP_KIERUNEK]=(-1).",b598a814285190ff1e8f0f1372f2434f4ca4fa30f67cf9fcc2dbd239989149fc,111,CDN_TEST:TABLE:CDN.BnkZapisy,CHECK,([BZP_KIERUNEK]=(1) OR [BZP_KIERUNEK]=(0) OR [BZP_KIERUNEK]=(-1)),true,Ogólne
BR_CHECK_CK_FPL_TERMIN,CK_FPl_Termin,"Reguła sprawdzająca (CHECK) ""CK_FPl_Termin"": [FPL_TERMIN]>=(0).","Reguła sprawdzająca (CHECK) ""CK_FPl_Termin"": [FPL_TERMIN]>=(0).",f602de10949934b2e98527431403cc297a233e684f9f6107a6f1c7d2a5db9002,63,CDN_TEST:TABLE:CDN.FormyPlatnosci,CHECK,([FPL_TERMIN]>=(0)),true,Ogólne
